{"cameraMode":{"drawMode":0,"name":"Shaded","section":"Shading Mode"},"sceneLighting":false,"audioPlay":false,"sceneViewState":{"showFog":true,"showMaterialUpdate":false,"showSkybox":false,"showFlares":true,"showImageEffects":true,"showParticleSystems":true},"in2DMode":false,"pivot":{"x":10.598340034484864,"y":0.19500002264976502,"z":11.36208724975586},"rotation":{"x":-0.11647293716669083,"y":0.3724992275238037,"z":-0.04718489572405815,"w":-0.9194924235343933},"size":0.44895288348197939,"orthographic":false}